status,title,doi,authors,year,code,website,keywords,projects,selected
publish,"SPARSE Data, Rich Results: Few-Shot Semi-Supervised Learning via Class-Conditioned Image Translation",10.1016/j.compmedimag.2026.102705,Gianluca Manni; Clemente Lauretti; Loredana Zollo; Paolo Soda,2025,,,oncology; generative AI; clinical prediction,,FALSE
publish,Pathologic Complete Response Prediction with Machine Learning Using Hierarchical Attention Feature Extraction,10.1007/978-3-031-87660-8_19,Domenico Paolo; Ciro Russo; G.I. Russo; Carlo Greco; Alessio Cortellini; Marco Russano; Sara Ramella; Paolo Soda; Claudio Marrocco; Alessandro Bria; Rosa Sicilia,2025,,https://doi.org/10.1007/978-3-031-87660-8_19,radiomics; oncology; clinical prediction,,FALSE
publish,P2.08.30 Ia-Based Prediction in NSCLC Patients Undergoing Neoadjuvant Radiochemotherapy,10.1016/j.jtho.2025.09.665,C. Tacconi; Carlo Greco; Edy Ippolito; A. Iurato; M. Miele; Elena Onorati; E. Molfese; Lucrezia Toppi; L. Trodella; Michele Fiore; Alice Natalina Caragliano; Paolo Soda; Valerio Guarrasi; Sara Ramella,2025,,https://doi.org/10.1016/j.jtho.2025.09.665,oncology; clinical prediction; medical imaging,,FALSE
publish,P1.17.54 Long-Term Outcomes From Pembrolizumab in Patients With Advanced PD-L1 =50% NSCLC and Poor PS: A Transformer-Based AI Approach,10.1016/j.jtho.2025.09.439,Alessio Cortellini; Edoardo Garbo; Giuseppe La Cava; Valentina Santo; Leonardo Brunetti; D.J. Pinato; David O’Reilly; Matthew J. Loza; C. Genova; S.Y. Kim; Ritujith Jayakrishnan; T. El Zarif; F. Pecci; Alessandro Di Federico; M. Montrone; M. Li; Alberto Camerini; Lauren Young; G. Metro; Sukumar Kalvapudi; Michele Ghidini; F. Grossi; Eleni Karapanagiotou; Bartłomiej Tomasik; Raffaele Giusti; E. Bria; Michael Rost; Gabriele Minuti; F. Mazzoni; Vincenzo Sforza; A. Leonetti; Luca Cantini; Isabelle Monnet; M. Macerelli; A. Piedra; D.L. Cortinovis; T. Gorria; T. Beninato; F. Biello; Frank Aboubakar Nana; Joachim G.J.V. Aerts; Taher Abu Hejleh; Kazuki Takada; Heather A. Wakelee; Ahmed Nassar; B. Ricciuti; Paolo Soda; Carla Caruso; Valerio Guarrasi,2025,,https://doi.org/10.1016/j.jtho.2025.09.439,radiomics; oncology; foundation models,,FALSE
publish,NSCLC histological subtype classification from CT scans using generalist 3D medical foundation models,10.1109/ichi64645.2025.00079,Fatih Aksu; Fabrizia Gelardi; Arturo Chiti; Paolo Soda,2025,,https://doi.org/10.1109/ichi64645.2025.00079,radiomics; oncology; foundation models,,FALSE
publish,Multimodal Doctor-in-the-Loop: A Clinically-Guided Explainable Framework for Predicting Pathological Response in Non-Small Cell Lung Cancer,10.1109/ijcnn64981.2025.11228780,Alice Natalina Caragliano; Claudia Tacconi; Carlo Greco; Lorenzo Nibid; Edy Ippolito; Michele Fiore; Giuseppe Perrone; Sara Ramella; Paolo Soda; Valerio Guarrasi,2025,,,radiomics; oncology; multimodal learning,,FALSE
publish,Multi-stage intermediate fusion for multimodal learning to classify non-small cell lung cancer subtypes from CT and PET,10.1016/j.patrec.2025.04.001,Fatih Aksu; Fabrizia Gelardi; Arturo Chiti; Paolo Soda,2025,,https://doi.org/10.1016/j.patrec.2025.04.001,radiomics; oncology; multimodal learning,,FALSE
publish,"Long-term outcomes from pembrolizumab monotherapy in patients with advanced NSCLC, PD-L1 expression ≥ 50 %, and poor performance status: Transformer-based AI to characterize prognostic complexity",10.1016/j.lungcan.2025.108799,Alessio Cortellini; Edoardo Garbo; Giulia La Cava; Fabrizio Citarella; Valentina Santo; Leonardo Brunetti; David J. Pinato; Jarushka Naidoo; Matthew J. Loza; Carlo Genova; Scott Gettinger; So Yeon Kim; Ritujith Jayakrishnan; Talal El Zarif; Marco Russano; Federica Pecci; Alessandro Di Federico; Michele Montrone; Dwight H. Owen; Diego Signorelli; Mingjia Li; Andrea Camerini; Balázs Halmos; Bruno Vincenzi; Giulio Metro; Sai Yendamuri; Francesco Grossi; Eleni Josephides; Bartłomiej Tomasik; Raffaele Giusti; Emilio Bria; Martin Sebastian; Maximilian Rost; Fabian Acker; Lorenza Landi; Francesca Mazzoni; Alessandro Morabito; Alessandro Leonetti; Luca Cantini; Giannis Mountzios; Sukumar Kalvapudi; David O’Reilly; Eleni Karapanagiotou; Isabelle Monnet; Javier Baena; Marianna Macerelli; Margarita Majem; A. Piedra; Diego Cortinovis; Giuseppe Tonini; Gabriele Minuti; Laura Mezquita; Teresa Gorría; Teresa Beninato; Giuseppe Lo Russo; Arsela Prelaj; Andrea De Giglio; Federica Biello; Frank Aboubakar Nana; Anne‐Marie C. Dingemans; Joachim G.J.V. Aerts; Roberto Ferrara; Taher Abu Hejleh; Kazuki Takada; Abdul Rafeh Naqash; Marina Chiara Garassino; Heather A. Wakelee; Amin H. Nassar; Biagio Ricciuti; Paolo Soda; Camillo Maria Caruso; Valerio Guarrasi,2025,,,radiomics; oncology; foundation models,,FALSE
publish,Leveraging Key-Points Encoded Human Pose Images for Human Activity Recognition,10.1007/978-3-031-91575-8_6,Gaia Virginia Dobici; Luca Minutillo; Ermanno Cordelli; Francesco Chirico; Goffredo Foglia; Paolo Soda,2025,,https://doi.org/10.1007/978-3-031-91575-8_6,medical imaging,,FALSE
publish,Lesion-Aware Generative Artificial Intelligence for Virtual Contrast-Enhanced Mammography in Breast Cancer,10.1109/cbms65348.2025.00039,Aurora Rofena; Arianna Manchia; Claudia Lucia Piccolo; Bruno Beomonte Zobel; Paolo Soda; Valerio Guarrasi,2025,,https://doi.org/10.1109/cbms65348.2025.00039,radiomics; oncology; generative AI,,FALSE
publish,IDENTIFYING CARDIOGENIC SHOCK SUB–PHENOTYPES WITH MACHINE LEARNING: A MULTICENTER STUDY COMBINING CLINICAL AND ECHOCARDIOGRAPHIC DATA,10.1093/eurheartjsupp/suaf076.056,Andrea Stefanini; N Ghionzoli; Géza Hálasz; C Sciaccaluga; Carlotta Sorini Dini; F Righini; Andrea Francesconi; Paolo Soda; Valerio Guarrasi; M Pastore; V Di Piazza; Marco Marini; F Ribichini; Domenico Gabrielli; M Cameli; Serafina Valente,2025,,https://doi.org/10.1093/eurheartjsupp/suaf076.056,clinical prediction; medical imaging,,FALSE
publish,Hybrid 3D CNN-MAMBA for Emphysema Classification in the SCAPIS Cohort,10.1109/cbms65348.2025.00141,Francesco Di Feola; Marida De Maria; Göran Bergström; Anders Blomberg; Åse A. Johnsson; Pierangelo Veltri; Paolo Soda,2025,,https://doi.org/10.1109/cbms65348.2025.00141,oncology; multimodal learning; clinical prediction,,FALSE
publish,Hierarchical embedding attention for overall survival prediction in lung cancer from unstructured EHRs,10.1186/s12911-025-02998-6,Domenico Paolo; Carlo Greco; Alessio Cortellini; Sara Ramella; Paolo Soda; Alessandro Bria; Rosa Sicilia,2025,,,oncology; foundation models; generative AI,,FALSE
publish,Generative models enable longitudinal synthetic electronic health records for privacy preserving research within cardiovascular disease prevention and digital twins,10.1093/eurjpc/zwaf236.505,Amanda Bertgren; Fredrik Öhberg; Paolo Soda; Ulf Näslund; Patrik Wennberg; Christer Grönlund,2025,,,generative AI; clinical prediction; medical imaging,,FALSE
publish,Generative Adversarial Networks for Synthetic Longitudinal Electronic Health Records Enabling Cardiovascular Digital Twins,10.1109/cbms65348.2025.00015,Amanda Bertgren; Fredrik Öhberg; Paolo Soda; Ulf Näslund; Patrik Wennberg; Christer Grönlund,2025,,https://doi.org/10.1109/cbms65348.2025.00015,generative AI; medical imaging,,FALSE
publish,Enhancing NSCLC Histological Subtype Classification: A Federated Learning Approach Using Triplet Loss,10.1007/978-3-031-87660-8_12,Fatih Aksu; Ermanno Cordelli; Fabrizia Gelardi; Arturo Chiti; Paolo Soda,2025,,https://doi.org/10.1007/978-3-031-87660-8_12,radiomics; oncology; medical imaging,,FALSE
publish,Deep learning for human locomotion analysis in lower-limb exoskeletons: a comparative study,10.3389/fcomp.2025.1597143,Omar Coser; Christian Tamantini; Matteo Tortora; Leonardo Furia; Rosa Sicilia; Loredana Zollo; Paolo Soda,2025,,,explainability; medical imaging,,FALSE
publish,Cross-dataset Multivariate Time-series Model for Parkinson's Diagnosis via Keyboard Dynamics,10.1007/978-3-032-17216-7_6,Alessandro Francesconi; Donato Cappetta; Fabrizio Rebecchi; Paolo Soda; Valerio Guarrasi; Rosa Sicilia,2025,,,foundation models; medical imaging,,FALSE
publish,Correction: Machine learning predicts pulmonary long Covid sequelae using clinical data,10.1186/s12911-025-02918-8,Ermanno Cordelli; Paolo Soda; Sara Citter; Elia Schiavon; Christian Salvatore; Deborah Fazzini; Greta Clementi; Michaela Cellina; Andrea Cozzi; Chandra Bortolotto; Lorenzo Preda; Luisa Francini; Matteo Tortora; Isabella Castiglioni; Sergio Papa; Diego Sona; Marco Alì,2025,,,COVID-19; medical imaging,,FALSE
publish,Context-Gated Cross-Modal Perception with Visual Mamba for PET-CT Lung Tumor Segmentation,10.48550/arxiv.2510.27508,Elena Mulero Ayllón; Linlin Shen; Pierangelo Veltri; Fabrizia Gelardi; Arturo Chiti; Paolo Soda; Matteo Tortora,2025,,,oncology; multimodal learning; medical imaging,,FALSE
publish,Beyond the Generative Learning Trilemma: Generative Model Assessment in Data Scarcity Domains,10.2139/ssrn.5196687,Marco Salmè; Lorenzo Tronchin; Rosa Sicilia; Paolo Soda; Valerio Guarrasi,2025,,https://doi.org/10.2139/ssrn.5196687,generative AI; medical imaging,,FALSE
publish,Benchmarking GAN-Based vs Classical Data Augmentation on Biomedical Images,10.1007/978-3-031-87660-8_7,Massimiliano Mantegna; Lorenzo Tronchin; Matteo Tortora; Paolo Soda,2025,,https://doi.org/10.1007/978-3-031-87660-8_7,oncology; generative AI; medical imaging,,FALSE
publish,AI-Powered Insulin Pens for Pediatric Diabetes: Advancements in Lipodystrophy Detection and Injection Site Recognition,10.1109/cbms65348.2025.00153,Lorenzo Pede; Mariangela Martino; Maria Elisa Amodeo; Francesca Silvestri; Sebastiano Battista Romano Viglialoro; Daria Maggi; Dario Tuccinardi; Vincenzo Piemonte; Silvia Manfrini; Riccardo Schiaffini; Paolo Soda; Ermanno Cordelli,2025,,https://doi.org/10.1109/cbms65348.2025.00153,medical imaging,,FALSE
publish,AI-CARE: Artificial Intelligence for Customized Adaptive Robot-Aided Rehabilitation,10.1007/978-3-031-81688-8_13,Rita Molle; Christian Tamantini; Alessia Paglialonga; Davide Simeone; Leonardo Furia; Matteo Tortora; Clemente Lauretti; Giulio Iannello; Paolo Soda; Rosa Sicilia; Fabrizio Dabbene; Loredana Zollo,2025,,https://doi.org/10.1007/978-3-031-81688-8_13,medical imaging,,FALSE
publish,ACGM: Attribute-Centric Graph Modeling Network for Concurrent Missing Tabular Data Imputation and COVID-19 Prognosis,10.1109/jbhi.2025.3618935,Zhuoru Wu; Wenting Chen; Li Xu; Filippo Ruffini; Shaonan Liu; Lorenzo Tronchin; Domenico Albano; Eliodoro Faiella; Deborah Fazzini; Domiziana Santucci; Xiaoling Luo; Valerio Guarrasi; Paolo Soda; Linlin Shen,2025,,https://doi.org/10.1109/jbhi.2025.3618935,oncology; COVID-19; explainability,,FALSE
publish,A Systematic Review on Long-Tailed Learning,10.1109/tnnls.2025.3539314,Chongsheng Zhang; George Almpanidis; Gaojuan Fan; Binquan Deng; Yanbo Zhang; Ji Liu; Aouaidjia Kamel; Paolo Soda; João Gama,2025,,https://doi.org/10.1109/tnnls.2025.3539314,medical imaging,,FALSE
publish,3D action recognition with motion encoded RGB images using deep learning,10.1117/12.3055262,Saqib Hayat; Mazhar Hussain; Paolo Soda,2025,,https://doi.org/10.1117/12.3055262,medical imaging,,FALSE
publish,3082 Pathologic Complete Response prediction with Machine Learning using Electronic Health Records (EHRs),10.1016/s0167-8140(25)01477-x,Carlo Greco; Edy Ippolito; Claudia Tacconi; Michele Fiore; A. Iurato; Domenico Paolo; Valerio Guarrasi; Rosa Sicilia; Paolo Soda; Sara Ramella,2025,,https://doi.org/10.1016/s0167-8140(25)01477-x,oncology; clinical prediction; medical imaging,,FALSE
publish,2697 AI driven multimodal signature to predict overall survival in stage III NSCLC receiving chemoradiation,10.1016/s0167-8140(25)01234-4,Edy Ippolito; Carlo Greco; Valerio Guarrasi; Claudia Tacconi; Camillo Maria Caruso; Rosa Sicilia; Michele Fiore; Ermanno Cordelli; Paolo Soda; Sara Ramella,2025,,https://doi.org/10.1016/s0167-8140(25)01234-4,radiomics; oncology; multimodal learning,,FALSE
publish,Translating Image XAI to Multivariate Time Series,10.1109/access.2024.3366994,Lorenzo Tronchin; Ermanno Cordelli; Lorenzo Ricciardi Celsi; Daniele Maccagnola; Massimo Natale; Paolo Soda; Rosa Sicilia,2024,,,multimodal learning; explainability; medical imaging,,FALSE
publish,Toward a Multimodal Deep Learning Approach for Histological Subtype Classification in NSCLC,10.1109/bibm62325.2024.10822421,Fatih Aksu; Fabrizia Gelardi; Arturo Chiti; Paolo Soda,2024,,https://doi.org/10.1109/bibm62325.2024.10822421,oncology; multimodal learning; medical imaging,,FALSE
publish,Predicting Lung Cancer Survival with Attention-based CT Slices Combination,10.21203/rs.3.rs-5374277/v1,Domenico Paolo; Carlo Greco; Edy Ippolito; Michele Fiore; Sara Ramella; Paolo Soda; Matteo Tortora; Alessandro Bria; Rosa Sicilia,2024,,,radiomics; oncology; clinical prediction,,FALSE
publish,Multi input–Multi output 3D CNN for dementia severity assessment with incomplete multimodal data,10.1016/j.artmed.2024.102774,Michela Gravina; Ángel García‐Pedrero; Consuelo Gonzalo‐Martín; Carlo Sansone; Paolo Soda,2024,,,oncology; generative AI; multimodal learning,,FALSE
publish,Exploring Negated Entites for Named Entity Recognition in Italian Lung Cancer Clinical Reports,10.3233/shti240066,Domenico Paolo; Alessandro Bria; Carlo Greco; Marco Russano; Sara Ramella; Paolo Soda; Rosa Sicilia,2024,,,oncology; medical imaging,,FALSE
publish,Cross-Modality Calibration in Multi-Input Network for Axillary Lymph Node Metastasis Evaluation,10.1109/tai.2024.3397246,Michela Gravina; Domiziana Santucci; Ermanno Cordelli; Paolo Soda; Carlo Sansone,2024,,,radiomics; oncology; multimodal learning,,FALSE
publish,BodySLAM: A Generalized Monocular Visual SLAM Framework for Surgical Applications,10.48550/arxiv.2408.03078,Gianluca Manni; Clemente Lauretti; Francesco Prata; Rocco Papalia; Loredana Zollo; Paolo Soda,2024,,,medical imaging,,FALSE
publish,AI-based methodologies for exoskeleton-assisted rehabilitation of the lower limb: a review,10.3389/frobt.2024.1341580,Omar Coser; Christian Tamantini; Paolo Soda; Loredana Zollo,2024,,,medical imaging,,FALSE
publish,3102: NSCLC Electronic Health Records Analysis by Named Entity Recognition in Italian Clinical Reports,10.1016/s0167-8140(24)03166-9,A. Iurato; Edy Ippolito; Carlo Greco; Claudia Tacconi; Michele Fiore; M. Miele; L. Trodella; Vincenzo Davide Palumbo; Rosa Sicilia; Domenico Paolo; Paolo Soda; Sara Ramella,2024,,http://dx.doi.org/10.1016/s0167-8140(24)03166-9,oncology; medical imaging,,FALSE
publish,2597: Radiopathomics Model to Predict Early Response in LA-NSCLC Patients Undergoing Chemoradiation,10.1016/s0167-8140(24)02775-0,Carlo Greco; Edy Ippolito; Michele Fiore; A. Iurato; M. Miele; L. Trodella; Tacconi Claudia; Palumbo Vincenzo; Rosa Sicilia; Matteo Tortora; Paolo Soda; Sara Ramella,2024,,https://doi.org/10.1016/s0167-8140(24)02775-0,oncology; medical imaging,,FALSE
publish,142P AI-based approaches to predict early response in unresectable LA-NSCLC patients undergoing chemoradiation,10.1016/j.esmoop.2024.102729,Carlo Greco; Edy Ippolito; Michele Fiore; I. Aurelia; M. Miele; L. Trodella; C. Tacconi; Rosa Sicilia; Marianna Tortora; Paolo Soda; Sara Ramella,2024,,,radiomics; oncology; multimodal learning,,FALSE
publish,Stage I Stereotactic Body Radiation Therapy Outcome’s Prediction Models: Perfection Is the Enemy of Utility,10.1016/j.jtho.2023.01.005,Sara Ramella; Paolo Soda,2023,,,radiomics; oncology; clinical prediction,,FALSE
publish,Radiomic Machine-Learning Analysis of Multiparametric Magnetic Resonance Imaging in the Diagnosis of Clinically Significant Prostate Cancer: New Combination of Textural and Clinical Features,10.3390/curroncol30020157,Francesco Prata; Umberto Anceschi; Ermanno Cordelli; Eliodoro Faiella; Angelo Civitella; P. Tuzzolo; Andrea Iannuzzi; Alberto Ragusa; Francesco Esperto; Salvatore Mario Prata; Rosa Sicilia; Giovanni Muto; Rosario Francesco Grasso; Roberto Mario Scarpa; Paolo Soda; Giuseppe Simone; Rocco Papalia,2023,,,radiomics; oncology; medical imaging,,FALSE
publish,RadioPathomics: Multimodal Learning in Non-Small Cell Lung Cancer for Adaptive Radiotherapy,10.1109/access.2023.3275126,Matteo Tortora; Ermanno Cordelli; Rosa Sicilia; Lorenzo Nibid; Edy Ippolito; Giuseppe Perrone; Sara Ramella; Paolo Soda,2023,,,radiomics; oncology; multimodal learning,,FALSE
publish,Named Entity Recognition in Italian Lung Cancer Clinical Reports using Transformers,10.1109/bibm58861.2023.10385778,Domenico Paolo; Alessandro Bria; Carlo Greco; Marco Russano; Sara Ramella; Paolo Soda; Rosa Sicilia,2023,,https://doi.org/10.1109/bibm58861.2023.10385778,oncology; foundation models; medical imaging,,FALSE
publish,MATNet: Multi-Level Fusion Transformer-Based Model for Day-Ahead PV Generation Forecasting,10.48550/arxiv.2306.10356,Matteo Tortora; Francesco Conte; Gianluca Natrella; Paolo Soda,2023,,,foundation models; multimodal learning; medical imaging,,FALSE
publish,Exploring Early Stress Detection from Multimodal Time Series with Deep Reinforcement Learning,10.1109/bibm58861.2023.10385549,Leonardo Furia; Matteo Tortora; Paolo Soda; Rosa Sicilia,2023,,https://doi.org/10.1109/bibm58861.2023.10385549,multimodal learning; medical imaging,,FALSE
publish,Early Experiences on using Triplet Networks for Histological Subtype Classification in Non-Small Cell Lung Cancer,10.1109/cbms58004.2023.00328,Fatih Aksu; Fabrizia Gelardi; Arturo Chiti; Paolo Soda,2023,,https://doi.org/10.1109/cbms58004.2023.00328,radiomics; oncology; medical imaging,,FALSE
publish,Deep pathomics: A new image-based tool for predicting response to treatment in stage III non-small cell lung cancer,10.1371/journal.pone.0294259,Lorenzo Nibid; Carlo Greco; Ermanno Cordelli; Giovanna Sabarese; Michele Fiore; Charles Z. Liu; Edy Ippolito; Rosa Sicilia; M. Miele; Matteo Tortora; Chiara Taffon; Mehrdad Rakaee; Paolo Soda; Sara Ramella; Giuseppe Perrone,2023,,,radiomics; oncology; medical imaging,,FALSE
publish,A Comparative Study Between Paired And Unpaired Image Quality Assessment In Low-Dose CT Denoising,10.1109/cbms58004.2023.00264,Francesco Di Feola; Lorenzo Tronchin; Paolo Soda,2023,,https://doi.org/10.1109/cbms58004.2023.00264,medical imaging,,FALSE
publish,A Cascade of Learners for Firemen’ Emergency Events Classification,10.1109/access.2023.3327913,Camillo Maria Caruso; Paolo Soda; Carlo Giammichele; Francesca Rotilio; Rosa Sicilia,2023,,,medical imaging,,FALSE
publish,Quantib Prostate Compared to an Expert Radiologist for the Diagnosis of Prostate Cancer on mpMRI: A Single-Center Preliminary Study,10.3390/tomography8040168,Eliodoro Faiella; Daniele Vertulli; Francesco Esperto; Ermanno Cordelli; Paolo Soda; Rosa Maria Muraca; Lorenzo Paolo Moramarco; Rosario Francesco Grasso; Bruno Beomonte Zobel; Domiziana Santucci,2022,,,radiomics; oncology; clinical prediction,,FALSE
publish,PyTrack: A Map-Matching-Based Python Toolbox for Vehicle Trajectory Reconstruction,10.1109/access.2022.3216565,Matteo Tortora; Ermanno Cordelli; Paolo Soda,2022,,,clinical prediction; medical imaging,,FALSE
publish,Optimized Fusion of CNNs to Diagnose Pulmonary Diseases on Chest X-Rays,10.1007/978-3-031-06427-2_17,Valerio Guarrasi; Paolo Soda,2022,,https://doi.org/10.1007/978-3-031-06427-2_17,radiomics; oncology; COVID-19,,FALSE
publish,MRI- and Histologic-Molecular-Based Radio-Genomics Nomogram for Preoperative Assessment of Risk Classes in Endometrial Cancer,10.3390/cancers14235881,Veronica Celli; Michele Guerreri; Angelina Pernazza; Ilaria Cuccu; Innocenza Palaia; Federica Tomao; Violante Di Donato; Paola Pricolo; Giada Ercolani; Sandra Ciulla; Nicoletta Colombo; Martina Leopizzi; Valeria Di Maio; Eliodoro Faiella; Domiziana Santucci; Paolo Soda; Ermanno Cordelli; Giorgia Perniola; Benedetta Gui; Stefania Rizzo; Carlo Della Rocca; Giuseppe Petralia; Carlo Catalano; Lucia Manganaro,2022,,,radiomics; oncology; generative AI,,FALSE
publish,MLOps: A Taxonomy and a Methodology,10.1109/access.2022.3181730,matteo testi; Matteo Ballabio; Emanuele Frontoni; Giulio Iannello; Sara Moccia; Paolo Soda; Gennaro Vessio,2022,,https://doi.org/10.1109/access.2022.3181730,explainability; medical imaging,,FALSE
publish,Exploiting AI to make insulin pens smart: injection site recognition and lipodystrophy detection,10.1109/cbms55023.2022.00044,Elisabetta Torre; Luisa Francini; Ermanno Cordelli; Rosa Sicilia; Silvia Manfrini; Vincenzo Piemonte; Paolo Soda,2022,,https://doi.org/10.1109/cbms55023.2022.00044,clinical prediction; medical imaging,,FALSE
publish,Evaluating Tumour Bounding Options for Deep Learning-based Axillary Lymph Node Metastasis Prediction in Breast Cancer,10.1109/icpr56361.2022.9956657,Michela Gravina; Ermanno Cordelli; Domiziana Santucci; Paolo Soda; Carlo Sansone,2022,,https://doi.org/10.1109/icpr56361.2022.9956657,radiomics; oncology; clinical prediction,,FALSE
publish,Correction to: An empirical study on the joint impact of feature selection and data resampling on imbalance classification,10.1007/s10489-022-03953-y,Chongsheng Zhang; Paolo Soda; Jingjun Bi; Gaojuan Fan; George Almpanidis; Salvador García; Weiping Ding,2022,,,medical imaging,,FALSE
publish,Comparison of current methods for <scp>anti‐dsDNA</scp> antibody detection and reshaping diagnostic strategies,10.1111/sji.13220,María Infantino; Boaz Palterer; Giulia Previtali; Maria‐Grazia Alessio; Danilo Villalta; Teresa Carbone; Stefan Platzgummer; Giusi Paura; Caterina Castiglione; Martina Fabris; Giampaola Pesce; Brunetta Porcelli; Lucia Terzuoli; Maria‐Romana Bacarelli; Marilina Tampoia; Luigi Cinquanta; Ignazio Brusca; Francesca Buzzolini; Maurizio Benucci; Matteo Tortora; Lorenzo Tronchin; Valerio Guarrasi; Paolo Soda; Mariangela Manfredi; Nicola Bizzaro,2022,,https://doi.org/10.1111/sji.13220,medical imaging,,FALSE
publish,CNN-Based Approaches with Different Tumor Bounding Options for Lymph Node Status Prediction in Breast DCE-MRI,10.3390/cancers14194574,Domiziana Santucci; Eliodoro Faiella; Michela Gravina; Ermanno Cordelli; Carlo de Felice; Bruno Beomonte Zobel; Giulio Iannello; Carlo Sansone; Paolo Soda,2022,,,radiomics; oncology; clinical prediction,,FALSE
publish,Artificial Intelligence in Bone Metastases: An MRI and CT Imaging Review,10.3390/ijerph19031880,Eliodoro Faiella; Domiziana Santucci; Alessandro Calabrese; Fabrizio Russo; Gianluca Vadalà; Bruno Beomonte Zobel; Paolo Soda; Giulio Iannello; Carlo de Felice; Vincenzo Denaro,2022,,,radiomics; medical imaging,,FALSE
publish,An empirical study on the joint impact of feature selection and data resampling on imbalance classification,10.1007/s10489-022-03772-1,Chongsheng Zhang; Paolo Soda; Jingjun Bi; Gaojuan Fan; George Almpanidis; Salvador García; Weiping Ding,2022,,https://doi.org/10.1007/s10489-022-03772-1,medical imaging,,FALSE
publish,3T-MRI Artificial Intelligence in Patients with Invasive Breast Cancer to Predict Distant Metastasis Status: A Pilot Study,10.3390/cancers15010036,Alessandro Calabrese; Domiziana Santucci; Michela Gravina; Eliodoro Faiella; Ermanno Cordelli; Paolo Soda; Giulio Iannello; Carlo Sansone; Bruno Beomonte Zobel; Carlo Catalano; Carlo de Felice,2022,,,radiomics; oncology; medical imaging,,FALSE
publish,Visual4DTracker: a tool to interact with 3D + t image stacks,10.1186/s12859-020-03820-y,Ermanno Cordelli; Paolo Soda; Giulio Iannello,2021,,,medical imaging,,FALSE
publish,The Impact of Tumor Edema on T2-Weighted 3T-MRI Invasive Breast Cancer Histological Characterization: A Pilot Radiomics Study,10.3390/cancers13184635,Domiziana Santucci; Eliodoro Faiella; Ermanno Cordelli; Alessandro Calabrese; Roberta Landi; Carlo de Felice; Bruno Beomonte Zobel; Rosario Francesco Grasso; Giulio Iannello; Paolo Soda,2021,,,radiomics; oncology; medical imaging,,FALSE
publish,Rule-based space characterization for rumour detection in health,10.1016/j.engappai.2021.104389,Rosa Sicilia; Mario Merone; Roberto Valenti; Paolo Soda,2021,,https://doi.org/10.1016/j.engappai.2021.104389,medical imaging,,FALSE
publish,Representation and Knowledge Transfer for Health-related Rumour Detection,10.1109/cbms52027.2021.00106,Rosa Sicilia; Luisa Francini; Paolo Soda,2021,,https://doi.org/10.1109/cbms52027.2021.00106,medical imaging,,FALSE
publish,PO-1187 Overall survival prediction in NSCLC: a radiomic approach with a multi-VOI analysis,10.1016/s0167-8140(21)07638-6,S. Silipigni; M. Miele; S. Gentile; E. Molfese; Paolo Soda; Giancarlo Iannello; Rosa Sicilia; Mathieu Fiore; Sara Ramella,2021,,https://doi.org/10.1016/s0167-8140(21)07638-6,radiomics; oncology; clinical prediction,,FALSE
publish,PO-1167 Radiomic approach for prediction of response to radiochemotherapy in stage III NSCLC,10.1016/s0167-8140(21)07618-0,Sara Ramella; M. Miele; S. Silipigni; S. Gentile; Giancarlo Iannello; Ermanno Cordelli; Paolo Soda; Michele Fiore,2021,,https://doi.org/10.1016/s0167-8140(21)07618-0,radiomics; oncology; clinical prediction,,FALSE
publish,On the Additional Information Provided by 3T-MRI ADC in Predicting Tumor Cellularity and Microscopic Behavior,10.3390/cancers13205167,Domiziana Santucci; Eliodoro Faiella; Alessandro Calabrese; Bruno Beomonte Zobel; Andrea Ascione; Bruna Cerbelli; Giulio Iannello; Paolo Soda; Carlo de Felice,2021,,,radiomics; oncology; generative AI,,FALSE
publish,IEEE ICCI*CC Series in Year 20: Latest Advances in Cognitive Informatics and Cognitive Computing towards General AI (Plenary Panel Report-I),10.1109/iccicc53683.2021.9811324,Yingxu Wang; Bernard Widrow; Witold Pedrycz; Robert C. Berwick; Paolo Soda; Sam Kwong; Okyay Kaynak; Carlo S. Regazzoni; Christine W. Chan; Marina L. Gavrilova; Guoyin Wang,2021,,https://doi.org/10.1109/iccicc53683.2021.9811324,medical imaging,,FALSE
publish,Exploring Deep Pathomics in Lung Cancer,10.1109/cbms52027.2021.00092,Charles Z. Liu; Rosa Sicilia; Matteo Tortora; Ermanno Cordelli; Lorenzo Nibid; Giovanna Sabarese; Giuseppe Perrone; Michele Fiore; Sara Ramella; Paolo Soda,2021,,https://doi.org/10.1109/cbms52027.2021.00092,radiomics; oncology; clinical prediction,,FALSE
publish,Explainable AI for Car Crash Detection using Multivariate Time Series,10.1109/iccicc53683.2021.9811335,Lorenzo Tronchin; Rosa Sicilia; Ermanno Cordelli; Lorenzo Ricciardi Celsi; Daniele Maccagnola; Massimo Natale; Paolo Soda,2021,,https://doi.org/10.1109/iccicc53683.2021.9811335,multimodal learning; medical imaging,,FALSE
publish,Evaluating GANs in Medical Imaging,10.1007/978-3-030-88210-5_10,Lorenzo Tronchin; Rosa Sicilia; Ermanno Cordelli; Sara Ramella; Paolo Soda,2021,,https://doi.org/10.1007/978-3-030-88210-5_10,oncology; generative AI; medical imaging,,FALSE
publish,EDITORIAL,10.1111/coin.12493,Sebastián Ventura; Paolo Soda; Alejandro Rodríguez‐González,2021,,https://doi.org/10.1111/coin.12493,COVID-19,,FALSE
publish,Describing rumours: a comparative evaluation of two handcrafted representations for rumour detection,10.1109/idt52577.2021.9497615,Luisa Francini; Paolo Soda; Rosa Sicilia,2021,,https://doi.org/10.1109/idt52577.2021.9497615,medical imaging,,FALSE
publish,Deep Reinforcement Learning for Fractionated Radiotherapy in Non-Small Cell Lung Carcinoma,10.1016/j.artmed.2021.102137,Matteo Tortora; Ermanno Cordelli; Rosa Sicilia; M. Miele; Paolo Matteucci; Giulio Iannello; Sara Ramella; Paolo Soda,2021,,https://doi.org/10.1016/j.artmed.2021.102137,oncology; medical imaging,,FALSE
publish,Categorizing the feature space for two-class imbalance learning,10.1109/icpr48806.2021.9413015,Rosa Sicilia; Ermanno Cordelli; Paolo Soda,2021,,https://doi.org/10.1109/icpr48806.2021.9413015,medical imaging,,FALSE
publish,Artificial intelligence against COVID-19 Pandemic using Chest X-ray Images,10.1109/iccicc53683.2021.9811313,Paolo Soda,2021,,https://doi.org/10.1109/iccicc53683.2021.9811313,oncology; COVID-19; multimodal learning,,FALSE
publish,An Empirical Study on the Joint Impact of Feature Selection and Data Re-sampling on Imbalance Classification,10.48550/arxiv.2109.00201,Chongsheng Zhang; Paolo Soda; Jingjun Bi; Gaojuan Fan; George Almpanidis; S. Martí-García,2021,,,medical imaging,,FALSE
publish,3T MRI-Radiomic Approach to Predict for Lymph Node Status in Breast Cancer Patients,10.3390/cancers13092228,Domiziana Santucci; Eliodoro Faiella; Ermanno Cordelli; Rosa Sicilia; Carlo de Felice; Bruno Beomonte Zobel; Giulio Iannello; Paolo Soda,2021,,,radiomics; oncology; medical imaging,,FALSE
publish,Title Page iii,10.1109/cbms49503.2020.00002,Alba García; Seco de Herrera; Alejandro González; Koshy Santosh; Zelalem Temesgen; Bridget Kane; Paolo Soda,2020,,,,,FALSE
publish,Time-Window SIQR Analysis of COVID-19 Outbreak and Containment Measures in Italy,10.1109/cbms49503.2020.00059,Ermanno Cordelli; Matteo Tortora; Rosa Sicilia; Paolo Soda,2020,,https://doi.org/10.1109/cbms49503.2020.00059,COVID-19; medical imaging,,FALSE
publish,The new era of LED microscopes in immunofluorescence anti-nuclear antibody (ANA) testing,10.1515/cclm-2019-1103,María Infantino; Mariangela Manfredi; Valentina Grossi; Mario Merone; Paolo Soda,2020,,https://doi.org/10.1515/cclm-2019-1103,,,FALSE
publish,Radiomics-Based Prediction of Overall Survival in Lung Cancer Using Different Volumes-Of-Interest,10.3390/app10186425,Natascha Claudia D’Amico; Rosa Sicilia; Ermanno Cordelli; Lorenzo Tronchin; Carlo Greco; Michele Fiore; A. Carnevale; Giulio Iannello; Sara Ramella; Paolo Soda,2020,,,radiomics; oncology; clinical prediction,,FALSE
publish,Radiomics-Based Non-Invasive Lymph Node Metastases Prediction in Breast Cancer,10.1109/cbms49503.2020.00098,Ermanno Cordelli; Rosa Sicilia; Domiziana Santucci; Carlo de Felice; Carlo Cosimo Quattrocchi; Bruno Beomonte Zobel; Giulio Iannello; Paolo Soda,2020,,https://doi.org/10.1109/cbms49503.2020.00098,radiomics; oncology; clinical prediction,,FALSE
publish,Radiomic analysis of T2 and ADC mpMRI images in the diagnosis of clinical significant prostate cancer: An early experience,10.1016/s2666-1683(20)32888-3,Francesco Prata; Ermanno Cordelli; Francesco Esperto; Angelo Civitella; P. Tuzzolo; Rosa Sicilia; Mario Merone; Roberto Mario Scarpa; Paolo Soda; Rocco Papalia,2020,,https://doi.org/10.1016/s2666-1683(20)32888-3,radiomics; oncology; medical imaging,,FALSE
publish,Positive tissue transglutaminase antibodies with negative endomysial antibodies: Unresolved issues in diagnosing celiac disease,10.1016/j.jim.2020.112910,María Infantino; Mario Merone; Mariangela Manfredi; Valentina Grossi; Alessandra Landini; Maria Grazia Alessio; Giulia Previtali; M. Trevisan; Brunetta Porcelli; Martina Fabris; Donatella Macchia; Danilo Villalta; Luigi Cinquanta; Federico D’Antoni; Giulio Iannello; Paolo Soda; Nicola Bizzaro,2020,,https://doi.org/10.1016/j.jim.2020.112910,,,FALSE
publish,On Using Meta-Features to Learn Under Class Skew in Biomedical Domains,10.1109/cbms49503.2020.00054,Rosa Sicilia; Ermanno Cordelli; Paolo Soda,2020,,https://doi.org/10.1109/cbms49503.2020.00054,medical imaging,,FALSE
publish,Introduction to the special issue on Methods and applications in the analysis of social data in healthcare,10.1016/j.ipm.2020.102427,Alejandro Rodríguez‐González; Sebastián Ventura; Paolo Soda; Jesualdo Tomás Fernández‐Breis,2020,,https://doi.org/10.1016/j.ipm.2020.102427,multimodal learning; medical imaging,,FALSE
publish,Auto-Regressive Time Delayed jump neural network for blood glucose levels forecasting,10.1016/j.knosys.2020.106134,Federico D’Antoni; Mario Merone; Vincenzo Piemonte; Giulio Iannello; Paolo Soda,2020,,https://doi.org/10.1016/j.knosys.2020.106134,medical imaging,,FALSE
publish,AIforCOVID: predicting the clinical outcomes in patients with COVID-19\n applying AI to chest-X-rays. An Italian multicentre study,10.48550/arxiv.2012.06531,Paolo Soda; Natascha Claudia D’Amico; Jacopo Tessadori; Giovanni Valbusa; Valerio Guarrasi; Chandra Bortolotto; Muhammad Usman Akbar; Rosa Sicilia; Ermanno Cordelli; Deborah Fazzini; Michaela Cellina; Giancarlo Oliva; Giovanni Callea; Silvia Panella; Maurizio Cariati; Diletta Cozzi; Vittorio Miele; Elvira Stellato; Gian Paolo Carrafiello; Giulia Castorani; Annalisa Simeone; Lorenzo Preda; Giulio Iannello; Alessio Del Bue; Fabio Tedoldi; Marco Alì; Diego Sona; Sergio Papa,2020,,,radiomics; oncology; COVID-19,,FALSE
publish,1251P Exploring quantitative biomarkers from different tumour volumes for radiomics in lung cancer,10.1016/j.annonc.2020.08.124,Sara Ramella; Rolando Maria D’Angelillo; Michele Fiore; Carlo Greco; Edy Ippolito; Natascha Claudia D’Amico; Ermanno Cordelli; Rosa Sicilia; Paolo Soda,2020,,,radiomics; oncology; medical imaging,,FALSE
publish,Tackling imbalance radiomics in acoustic neuroma,10.1504/ijdmb.2019.101396,Natascha Claudia D'; N.A. Amico; Mario Merone; Rosa Sicilia; Ermanno Cordelli; Federico D’Antoni; N.A. Antoni; Isa Bossi Zanetti; Giovanni Valbusa; Enzo Grossi; G. Beltramo; Deborah Fazzini; Giuseppe Scotti; Giulio Iannello; Paolo Soda,2019,,https://doi.org/10.1504/ijdmb.2019.101396,radiomics; oncology; medical imaging,,FALSE
publish,Radiomics for Distinguishing Myocardial Infarction from Myocarditis at Late Gadolinium Enhancement at MRI: Comparison with Subjective Visual Analysis,10.1148/ryct.2019180026,Tommaso Di Noto; Jochen von Spiczak; Manoj Mannil; Elena Gantert; Paolo Soda; Robert Manka; Hatem Alkadhi,2019,,,radiomics; medical imaging,,FALSE
publish,"On Autonomous Systems: From Reflexive, Imperative and Adaptive Intelligence to Autonomous and Cognitive Intelligence",10.1109/iccicc46617.2019.9146038,Yingxu Wang; Konstantinos N. Plataniotis; Sam Kwong; Henry Leung; Svetlana Yanushkevich; Fakhri Karray; Ming Hou; Newton Howard; Rodolfo A. Fiorini; Paolo Soda; Edward Tunstel; Jianmin Wang; Shushma Patel,2019,,https://doi.org/10.1109/iccicc46617.2019.9146038,medical imaging,,FALSE
publish,OC-0063 CREO Project: exploratory radiomics for predicting adaptive radiotherapy in NSCLC,10.1016/s0167-8140(19)30483-9,Michele Fiore; Carlo Greco; Edy Ippolito; E. Molfese; P. Trecca; M. Miele; Ermanno Cordelli; Rosa Sicilia; Paolo Soda; Rolando Maria D’Angelillo; L. Trodella; Sara Ramella,2019,,https://doi.org/10.1016/s0167-8140(19)30483-9,radiomics; oncology; medical imaging,,FALSE
publish,Grasping Inter-Attribute and Temporal Variability in Multivariate Time Series,10.1109/tbdata.2019.2918807,Paolo Soda; Rosa Sicilia; Ludovica Acciai; Giulio Iannello,2019,,https://doi.org/10.1109/tbdata.2019.2918807,medical imaging,,FALSE
publish,Early radiomics experiences in predicting CyberKnife response in acoustic neuroma,10.1145/3307616.3307620,Natascha Claudia D’Amico; Rosa Sicilia; Ermanno Cordelli; Giovanni Valbusa; Enzo Grossi; Isa Bossi Zanetti; Deborah Fazzini; Giuseppe Scotti; G. Beltramo; Giulio Iannello; Paolo Soda,2019,,https://doi.org/10.1145/3307616.3307620,radiomics; oncology; medical imaging,,FALSE
publish,Early Radiomic Experiences in Classifying Prostate Cancer Aggressiveness using 3D Local Binary Patterns,10.1109/cbms.2019.00078,Rosa Sicilia; Ermanno Cordelli; Mario Merone; Elia Luperto; Rocco Papalia; Giulio Iannello; Paolo Soda,2019,,https://doi.org/10.1109/cbms.2019.00078,radiomics; oncology; medical imaging,,FALSE
publish,Early Experience in Forecasting Blood Glucose Levels Using a Delayed and Auto-Regressive Jump Neural Network,10.1109/iccicc46617.2019.9146049,Federico D’Antoni; Mario Merone; Vincenzo Piemonte; Paolo Pozzilli; Giulio Iannello; Paolo Soda,2019,,https://doi.org/10.1109/iccicc46617.2019.9146049,clinical prediction; medical imaging,,FALSE
publish,AI-based applications in hybrid imaging: how to build smart and truly multi-parametric decision models for radiomics,10.1007/s00259-019-04414-4,Isabella Castiglioni; Francesca Gallivanone; Paolo Soda; Michele Avanzo; Joseph Stancanello; Marco Aiello; Matteo Interlenghi; Marco Salvatore,2019,,https://doi.org/10.1007/s00259-019-04414-4,radiomics; medical imaging,,FALSE
publish,Twitter rumour detection in the health domain,10.1016/j.eswa.2018.05.019,Rosa Sicilia; Stella Lo Giudice; Yulong Pei; Mykola Pechenizkiy; Paolo Soda,2018,,,medical imaging,,FALSE
publish,SAT0642 A cad system in hep-2 iif reading: a multicentre study,10.1136/annrheumdis-2018-eular.3230,A. Rigon; María Infantino; Mario Merone; Giulio Iannello; Carlo Sansone; Anǵela Tincani; Ilaria Cavazzana; M Manfredi; Antonella Radice; Paolo Soda; Antonella Afeltra,2018,,,medical imaging,,FALSE
publish,Radiomics for Predicting CyberKnife response in acoustic neuroma: a pilot study,10.1109/bibm.2018.8621276,Natascha Claudia DrAmico; Rosa Sicilia; Ermanno Cordelli; Giovanni Valbusa; Enzo Grossi; Isa Bossi Zanetti; G. Beltramo; Deborah Fazzini; Giuseppe Scotti; Giulio Iannello; Paolo Soda,2018,,https://doi.org/10.1109/bibm.2018.8621276,radiomics; oncology; medical imaging,,FALSE
publish,PO-0799: An externally validated MRI radiomics model for predicting clinical response in rectal cancer,10.1016/s0167-8140(18)31109-5,Carlotta Masciocchi; Ermanno Cordelli; Rosa Sicilia; N. Dinapoli; Andrea Damiani; Brunella Barbaro; Laura Boldrini; Calogero Casà; Davide Cusumano; Giuditta Chiloiro; Maria Antonietta Gambacorta; Roberto Gatta; Jacopo Lenkowicz; Johan van Soest; A. Dekker; Philippe Lambin; Paolo Soda; Giancarlo Iannello; Vincenzo Valentini,2018,,https://doi.org/10.1016/s0167-8140(18)31109-5,radiomics; oncology; medical imaging,,FALSE
publish,Hospital 4.0 and Its Innovation in Methodologies and Technologies,10.1109/cbms.2018.00065,Pierangelo Afferni; Mario Merone; Paolo Soda,2018,,https://doi.org/10.1109/cbms.2018.00065,generative AI; medical imaging,,FALSE
publish,Exploratory Radiomics for Predicting Adaptive Radiotherapy in Non-Small Cell Lung Cancer,10.1109/cbms.2018.00051,Rosa Sicilia; Ermanno Cordelli; Sara Ramella; Michele Fiore; Carlo Greco; E. Molfese; M. Miele; Enrica Vinciguerra; Patrizia Cornacchione; Edy Ippolito; Rolando Maria D’Angelillo; Giulio Iannello; Paolo Soda,2018,,https://doi.org/10.1109/cbms.2018.00051,radiomics; oncology; clinical prediction,,FALSE
publish,Early experiences in 4D quantitative analysis of insulin granules in living beta-cells,10.1109/bibm.2018.8621293,Ermanno Cordelli; Mario Merone; Flavio Di Giacinto; Bareket Daniel; Giuseppe Maulucci; Shlomo Sasson; Paolo Soda,2018,,https://doi.org/10.1109/bibm.2018.8621293,generative AI; medical imaging,,FALSE
publish,Discovering COPD phenotyping via simultaneous feature selection and clustering,10.1109/bibm.2018.8621443,Mario Merone; Panaiotis Finamore; Claudio Pedone; Raffaele Antonelli Incalzi; Giulio Iannello; Paolo Soda,2018,,https://doi.org/10.1109/bibm.2018.8621443,oncology; clinical prediction; medical imaging,,FALSE
publish,Cross-topic Rumour Detection in the Health Domain,10.1109/bibm.2018.8621580,Rosa Sicilia; Mario Merone; Roberto Valenti; Ermanno Cordelli; Federico D’Antoni; Vincenzo De Ruvo; Patrizia Benedetta Dragone; Sara Esposito; Paolo Soda,2018,,https://doi.org/10.1109/bibm.2018.8621580,generative AI; multimodal learning; medical imaging,,FALSE
publish,Analytical variability in the determination of anti-double-stranded DNA antibodies: the strong need of a better definition of the old and new tests,10.1007/s12026-018-8992-9,María Infantino; Mariangela Manfredi; Mario Merone; Valentina Grossi; Maurizio Benucci; Francesca Li Gobbi; Francesca Bandinelli; Arianna Damiani; Paolo Soda,2018,,https://doi.org/10.1007/s12026-018-8992-9,,,FALSE
publish,ANA testing in ‘real life‘,10.1136/annrheumdis-2018-214615,María Infantino; Mariangela Manfredi; Paolo Soda; Mario Merone; Antonella Afeltra; Amelia Rigon,2018,,https://doi.org/10.1136/annrheumdis-2018-214615,medical imaging,,FALSE
publish,A radiomic approach for adaptive radiotherapy in non-small cell lung cancer patients,10.1371/journal.pone.0207455,Sara Ramella; Michele Fiore; Carlo Greco; Ermanno Cordelli; Rosa Sicilia; Mario Merone; E. Molfese; M. Miele; Patrizia Cornacchione; Edy Ippolito; Giulio Iannello; Rolando Maria D’Angelillo; Paolo Soda,2018,,,radiomics; oncology; clinical prediction,,FALSE
publish,A decision support system for type 1 diabetes mellitus diagnostics based on dual channel analysis of red blood cell membrane fluidity,10.1016/j.cmpb.2018.05.025,Ermanno Cordelli; Giuseppe Maulucci; Marco De Spirito; Alessandro Rizzi; Dario Pitocco; Paolo Soda,2018,,https://doi.org/10.1016/j.cmpb.2018.05.025,,,FALSE
publish,A computer-aided diagnosis system for HEp-2 fluorescence intensity classification,10.1016/j.artmed.2018.11.002,Mario Merone; Carlo Sansone; Paolo Soda,2018,,https://doi.org/10.1016/j.artmed.2018.11.002,medical imaging,,FALSE
publish,The inter-observer reading variability in anti-nuclear antibodies indirect (ANA) immunofluorescence test: A multicenter evaluation and a review of the literature,10.1016/j.autrev.2017.10.006,A. Rigon; María Infantino; Mario Merone; Giulio Iannello; Anǵela Tincani; Ilaria Cavazzana; Nice Carabellese; Antonella Radice; M Manfredi; Paolo Soda; Antonella Afeltra,2017,,https://doi.org/10.1016/j.autrev.2017.10.006,medical imaging,,FALSE
publish,Phase separation of the plasma membrane in human red blood cells as a potential tool for diagnosis and progression monitoring of type 1 diabetes mellitus,10.1371/journal.pone.0184109,Giuseppe Maulucci; Ermanno Cordelli; Alessandro Rizzi; Francesca De Leva; Massimiliano Papi; Gabriele Ciasca; Daniela Samengo; Giovambattista Pani; Dario Pitocco; Paolo Soda; Giovanni Ghirlanda; Giulio Iannello; Marco De Spirito,2017,,,medical imaging,,FALSE
publish,Health-related rumour detection on Twitter,10.1109/bibm.2017.8217899,Rosa Sicilia; Stella Lo Giudice; Yulong Pei; Mykola Pechenizkiy; Paolo Soda,2017,,https://doi.org/10.1109/bibm.2017.8217899,medical imaging,,FALSE
publish,Feature selection and resampling in class imbalance learning: Which comes first? An empirical study in the biological domain,10.1109/bibm.2017.8217782,Chongsheng Zhang; Jingjun Bi; Paolo Soda,2017,,https://doi.org/10.1109/bibm.2017.8217782,clinical prediction; medical imaging,,FALSE
publish,An automated and unobtrusive system for cough detection,10.1109/lsc.2017.8268175,Leonardo Di Perna; Gabriele Spina; Susannah Thackray-Nocera; Michael G. Crooks; Alyn H. Morice; Paolo Soda; Albertus C. den Brinker,2017,,https://doi.org/10.1109/lsc.2017.8268175,clinical prediction; medical imaging,,FALSE
publish,A Decision Support System for Tele-Monitoring COPD-Related Worrisome Events,10.1109/jbhi.2017.2654682,Mario Merone; Claudio Pedone; Giuseppe Capasso; Raffaele Antonelli Incalzi; Paolo Soda,2017,,https://doi.org/10.1109/jbhi.2017.2654682,oncology; generative AI; medical imaging,,FALSE
publish,Towards automated neuron tracing via global and local 3D image analysis,10.1109/isbi.2016.7493274,Ludovica Acciai; Irene Costantini; Francesco S. Pavone; Valerio Conti; Renzo Guerrini; Paolo Soda; Giulio Iannello,2016,,https://doi.org/10.1109/isbi.2016.7493274,medical imaging,,FALSE
publish,The burden of the variability introduced by the HEp-2 assay kit and the CAD system in ANA indirect immunofluorescence test,10.1007/s12026-016-8845-3,María Infantino; Francesca Meacci; Valentina Grossi; Mariangela Manfredi; Maurizio Benucci; Mario Merone; Paolo Soda,2016,,https://doi.org/10.1007/s12026-016-8845-3,medical imaging,,FALSE
publish,On the remote detection of COPD-related worrisome events,10.1109/bhi.2016.7455828,Mario Merone; Leonardo Onofri; Claudio Pedone; Angela M. Bussu; Barbara F. M. Rubiu; Giuseppe Capasso; Silvano Salaris; Giulio Iannello; Raffaele Antonelli Incalzi; Paolo Soda,2016,,https://doi.org/10.1109/bhi.2016.7455828,generative AI; medical imaging,,FALSE
publish,On Using Active Contour to Segment HEp-2 Cells,10.1109/cbms.2016.49,Mario Merone; Paolo Soda,2016,,https://doi.org/10.1109/cbms.2016.49,medical imaging,,FALSE
publish,Early Experiences in Using Blood Cells Biomembranes as Markers for Diabetes Diagnosis,10.1109/cbms.2016.60,Ermanno Cordelli; Giovambattista Pani; Dario Pitocco; Giuseppe Maulucci; Paolo Soda,2016,,https://doi.org/10.1109/cbms.2016.60,medical imaging,,FALSE
publish,ECG databases for biometric systems: A systematic review,10.1016/j.eswa.2016.09.030,Mario Merone; Paolo Soda; Mario Sansone; Carlo Sansone,2016,,https://doi.org/10.1016/j.eswa.2016.09.030,,,FALSE
publish,Automatic Neuron Tracing Using a Locally Tunable Approach,10.1109/cbms.2016.48,Ludovica Acciai; Paolo Soda; Giulio Iannello,2016,,https://doi.org/10.1109/cbms.2016.48,medical imaging,,FALSE
publish,Automated Neuron Tracing Methods: An Updated Account,10.1007/s12021-016-9310-0,Ludovica Acciai; Paolo Soda; Giulio Iannello,2016,,https://doi.org/10.1007/s12021-016-9310-0,medical imaging,,FALSE
publish,A survey on using domain and contextual knowledge for human activity recognition in video streams,10.1016/j.eswa.2016.06.011,Leonardo Onofri; Paolo Soda; Mykola Pechenizkiy; Giulio Iannello,2016,,https://doi.org/10.1016/j.eswa.2016.06.011,medical imaging,,FALSE
publish,Quantitative neuroanatomy of all Purkinje cells with light sheet microscopy and high-throughput image analysis,10.3389/fnana.2015.00068,Ludovico Silvestri; Marco Paciscopi; Paolo Soda; Filippo Biamonte; Giulio Iannello; Paolo Frasconi; Francesco S. Pavone,2015,,,generative AI; medical imaging,,FALSE
publish,FRI0574 Slim-System in ANA IIF Reading: A Multicentre Study for the Assessment of Interobserver Reading Variability,10.1136/annrheumdis-2015-eular.3772,A. Rigon; Paolo Soda; María Infantino; Antonella Radice; Anǵela Tincani; Mario Merone; Ilaria Cavazzana; Nice Carabellese; Giulio Iannello; Antonella Afeltra,2015,,https://doi.org/10.1136/annrheumdis-2015-eular.3772,medical imaging,,FALSE
publish,Computer-based automatic identification of neurons in gigavoxel-sized 3D human brain images,10.1109/embc.2015.7320182,Paolo Soda; Ludovica Acciai; Ermanno Cordelli; Irene Costantini; Leonardo Sacconi; Francesco S. Pavone; Valerio Conti; Renzo Guerrini; Paolo Frasconi; Giulio Iannello,2015,,https://doi.org/10.1109/embc.2015.7320182,medical imaging,,FALSE
publish,A multi-environment dataset for activity of daily living recognition in video streams,10.1109/embc.2015.7318470,Alessandro Borreo; Leonardo Onofri; Paolo Soda,2015,,https://doi.org/10.1109/embc.2015.7318470,medical imaging,,FALSE
publish,“Real-time” Instance Selection for Biomedical Data Classification,10.1007/978-3-319-10160-6_35,Chongsheng Zhang; Roberto D’Ambrosio; Paolo Soda,2014,,https://doi.org/10.1007/978-3-319-10160-6_35,medical imaging,,FALSE
publish,The classification of Crithidia luciliae immunofluorescence test (CLIFT) using a novel automated system,10.1186/ar4510,Francesca Buzzulini; Amelia Rigon; Paolo Soda; Leonardo Onofri; María Infantino; Luisa Arcarese; Giulio Iannello; Antonella Afeltra,2014,,,medical imaging,,FALSE
publish,Special issue on the analysis and recognition of indirect immuno-fluorescence images,10.1016/j.patcog.2014.01.014,Pasquale Foggia; Gennaro Percannella; Paolo Soda; Mario Vento,2014,,https://doi.org/10.1016/j.patcog.2014.01.014,medical imaging,,FALSE
publish,Real-Time Biomedical Instance Selection,10.1109/cbms.2014.113,Chongsheng Zhang; Roberto D’Ambrosio; Paolo Soda,2014,,https://doi.org/10.1109/cbms.2014.113,medical imaging,,FALSE
publish,Mitotic cells recognition in HEp-2 images,10.1016/j.patrec.2014.03.011,Giulio Iannello; Gennaro Percannella; Paolo Soda; Mario Vento,2014,,https://doi.org/10.1016/j.patrec.2014.03.011,oncology; medical imaging,,FALSE
publish,Large-scale automated identification of mouse brain cells in confocal light sheet microscopy images,10.1093/bioinformatics/btu469,Paolo Frasconi; Ludovico Silvestri; Paolo Soda; Roberto Cortini; Francesco S. Pavone; Giulio Iannello,2014,,,medical imaging,,FALSE
publish,Early Experiences in COPD Exacerbation Detection,10.1109/cbms.2014.46,Mario Merone; Leonardo Onofri; Paolo Soda; Claudio Pedonez; Raffaele Antonelli Incalziz; Giulio Iannello,2014,,https://doi.org/10.1109/cbms.2014.46,generative AI; clinical prediction; medical imaging,,FALSE
publish,BioImage Informatics: The challenge of knowledge extraction from biological images,10.1109/dt.2014.6868733,Paolo Soda,2014,,https://doi.org/10.1109/dt.2014.6868733,medical imaging,,FALSE
publish,A HPC infrastructure for processing and visualizing neuro-anatomical images obtained by Confocal Light Sheet Microscopy,10.1109/hpcsim.2014.6903741,Alessandro Bria; Giulio Iannello; Paolo Soda; Hanchuan Peng; Giovanni Erbacci; Giuseppe Fiameni; Giacomo Mariani; Roberto Mucci; Marco Rorro; Francesco S. Pavone; Ludovico Silvestri; Paolo Frasconi; Roberto Cortini,2014,,https://doi.org/10.1109/hpcsim.2014.6903741,medical imaging,,FALSE
publish,The illusion box of Syndactyly: Setup and ad hoc algorithm to induce virtual fingers webbing,10.1109/ner.2013.6695976,Mario Merone; Paolo Soda; Giovanni Di Pino; Domenico Formica; Giovanni Pellegrino; Silvestro Micera; Vincenzo Di Lazzaro; Giulio Iannello; Eugenio Guglielmelli,2013,,https://doi.org/10.1109/ner.2013.6695976,medical imaging,,FALSE
publish,Solving biomedical classification tasks by softmax reconstruction in ECOC framework,10.1109/cbms.2013.6627834,Roberto D’Ambrosio; Giulio Iannello; Paolo Soda,2013,,https://doi.org/10.1109/cbms.2013.6627834,medical imaging,,FALSE
publish,Softmax Regression for ECOC Reconstruction,10.1007/978-3-642-41181-6_69,Roberto D’Ambrosio; Giulio Iannello; Paolo Soda,2013,,,medical imaging,,FALSE
publish,Multiple subsequence combination in human action recognition,10.1049/iet-cvi.2013.0015,Leonardo Onofri; Paolo Soda; Giulio Iannello,2013,,https://doi.org/10.1049/iet-cvi.2013.0015,medical imaging,,FALSE
publish,Copyright page,10.1109/cbms.2013.6627748,Pedro Pereira Rodrigues; Mykola Pechenizkiy; João Gama; Ricardo Cruz‐Correia; Jiming Liu; Agma J. M. Traina; Peter Lucas; Paolo Soda,2013,,,,,FALSE
publish,Centromere and cytoplasmic staining pattern recognition: a local approach,10.1007/s11517-013-1102-1,Giulio Iannello; Leonardo Onofri; Paolo Soda,2013,,https://doi.org/10.1007/s11517-013-1102-1,medical imaging,,FALSE
publish,Benchmarking HEp-2 Cells Classification Methods,10.1109/tmi.2013.2268163,Pasquale Foggia; Gennaro Percannella; Paolo Soda; Mario Vento,2013,,https://doi.org/10.1109/tmi.2013.2268163,medical imaging,,FALSE
publish,A Slightly Supervised Approach for Positive/Negative Classification of Fluorescence Intensity in HEp-2 Images,10.1007/978-3-642-41184-7_33,Giulio Iannello; Leonardo Onofri; Paolo Soda,2013,,https://doi.org/10.1007/978-3-642-41184-7_33,medical imaging,,FALSE
publish,Whole-body isometric force/torque measurements for functional assessment in neuro-rehabilitation: User interface and data pre-processing techniques,10.1016/j.cmpb.2012.10.017,Stefano Mazzoleni; Marko Munih; András József Tóth; Justin Činkelj; Mihály Jurák; Jo Van Vaerenbergh; G. Cavallo; Paolo Soda; Paolo Dario; Eugenio Guglielmelli,2012,,https://doi.org/10.1016/j.cmpb.2012.10.017,medical imaging,,FALSE
publish,Trends in computer-based medical systems,10.1145/2384556.2384563,Paolo Soda; Sameer Antani; Francesco Tortorella; Mario Cannataro; Mykola Pechenizkiy; Alexey Tsymbal,2012,,https://doi.org/10.1145/2384556.2384563,oncology; medical imaging,,FALSE
publish,Preface,10.1109/cbms.2012.6266288,Paolo Soda; Francesco Tortorella,2012,,https://doi.org/10.1109/cbms.2012.6266288,,,FALSE
publish,Polichotomies on Imbalanced Domains by One-per-Class Compensated Reconstruction Rule,10.1007/978-3-642-34166-3_33,Roberto D’Ambrosio; Paolo Soda,2012,,https://doi.org/10.1007/978-3-642-34166-3_33,medical imaging,,FALSE
publish,Biomedical Images Classification by Universal Nearest Neighbours Classifier Using Posterior Probability,10.1007/978-3-642-35428-1_15,Roberto D’Ambrosio; Wafa Bel Haj Ali; Richard Nock; Paolo Soda; Frank Nielsen; Michel Barlaud,2012,,https://doi.org/10.1007/978-3-642-35428-1_15,oncology; COVID-19; medical imaging,,FALSE
publish,A classification-based approach to segment HEp-2 cells,10.1109/cbms.2012.6266311,Gennaro Percannella; Paolo Soda; Mario Vento,2012,,https://doi.org/10.1109/cbms.2012.6266311,medical imaging,,FALSE
publish,A bag of visual words approach for centromere and cytoplasmic staining pattern classification on HEp-2 images,10.1109/cbms.2012.6266360,Giulio Iannello; Leonardo Onofri; Paolo Soda,2012,,https://doi.org/10.1109/cbms.2012.6266360,medical imaging,,FALSE
publish,A Double-Ensemble Approach for Classifying Skewed Data Streams,10.1007/978-3-642-30217-6_22,Chongsheng Zhang; Paolo Soda,2012,,https://doi.org/10.1007/978-3-642-30217-6_22,medical imaging,,FALSE
publish,Novel opportunities in automated classification of antinuclear antibodies on HEp-2 cells,10.1016/j.autrev.2011.04.022,Amelia Rigon; Francesca Buzzulini; Paolo Soda; Leonardo Onofri; Luisa Arcarese; Giulio Iannello; Antonella Afeltra,2011,,https://doi.org/10.1016/j.autrev.2011.04.022,medical imaging,,FALSE
publish,Mitotic HEp-2 Cells Recognition under Class Skew,10.1007/978-3-642-24088-1_37,Gennaro Percannella; Paolo Soda; Mario Vento,2011,,https://doi.org/10.1007/978-3-642-24088-1_37,medical imaging,,FALSE
publish,Color to grayscale staining pattern representation in IIF,10.1109/cbms.2011.5999110,Ermanno Cordelli; Paolo Soda,2011,,https://doi.org/10.1109/cbms.2011.5999110,medical imaging,,FALSE
publish,Automatic Facial Expression Recognition Using Statistical-Like Moments,10.1007/978-3-642-24085-0_60,Roberto D’Ambrosio; Giulio Iannello; Paolo Soda,2011,,,medical imaging,,FALSE
publish,An efficient autofocus algorithm for indirect immunofluorescence applications,10.1109/cbms.2011.5999040,Giulio Iannello; Leonardo Onofri; Gianpaolo Punzo; Paolo Soda,2011,,https://doi.org/10.1109/cbms.2011.5999040,medical imaging,,FALSE
publish,A multi-objective optimisation approach for class imbalance learning,10.1016/j.patcog.2011.01.015,Paolo Soda,2011,,https://doi.org/10.1016/j.patcog.2011.01.015,medical imaging,,FALSE
publish,Video-Rhino-Hygrometer: A New Method for Evaluation of Nasal Breathing after Nasal Surgery,10.2500/ajra.2010.24.3505,Manuele Casale; Marco Pappacena; Roberto Setola; Paolo Soda; Valerio Cusimano; Massimiliano Vitali; Ranko Mladina; Fabrizio Salvinelli,2010,,https://doi.org/10.2500/ajra.2010.24.3505,medical imaging,,FALSE
publish,Methods for greyscale representation of HEp-2 colour images,10.1109/cbms.2010.6042674,Ermanno Cordelli; Paolo Soda,2010,,https://doi.org/10.1109/cbms.2010.6042674,medical imaging,,FALSE
publish,Knowledge discovery and computer-based decision support in biomedicine,10.1016/j.artmed.2010.06.001,Paolo Soda; Mykola Pechenizkiy; Francesco Tortorella; Alexey Tsymbal,2010,,https://doi.org/10.1016/j.artmed.2010.06.001,,,FALSE
publish,Human movement onset detection from isometric force and torque measurements: A supervised pattern recognition approach,10.1016/j.artmed.2010.04.008,Paolo Soda; Stefano Mazzoleni; G. Cavallo; Eugenio Guglielmelli; Giulio Iannello,2010,,https://doi.org/10.1016/j.artmed.2010.04.008,medical imaging,,FALSE
publish,Early experiences in mitotic cells recognition on HEp-2 slides,10.1109/cbms.2010.6042611,Pasquale Foggia; Gennaro Percannella; Paolo Soda; Mario Vento,2010,,https://doi.org/10.1109/cbms.2010.6042611,medical imaging,,FALSE
publish,Decomposition Methods and Learning Approaches for Imbalanced Dataset: An Experimental Integration,10.1109/icpr.2010.763,Paolo Soda; Giulio Iannello,2010,,https://doi.org/10.1109/icpr.2010.763,medical imaging,,FALSE
publish,Advances in Computer-Based Autoantibodies Analysis,10.1007/978-3-642-11721-3_26,Paolo Soda; Giulio Iannello,2010,,https://doi.org/10.1007/978-3-642-11721-3_26,medical imaging,,FALSE
publish,A decision support system for Crithidia Luciliae image classification,10.1016/j.artmed.2010.05.005,Paolo Soda; Leonardo Onofri; Giulio Iannello,2010,,https://doi.org/10.1016/j.artmed.2010.05.005,medical imaging,,FALSE
publish,A 2D segmentation algorithm for the analisys of TBY-2 cells,10.1109/cbms.2010.6042651,Mariangela De Marco; Vittoria Locato; Paolo Soda; Luca Vollero,2010,,https://doi.org/10.1109/cbms.2010.6042651,medical imaging,,FALSE
publish,On the use of classification reliability for improving performance of the one-per-class decomposition method,10.1016/j.datak.2009.07.003,Giulio Iannello; Gennaro Percannella; Carlo Sansone; Paolo Soda,2009,,https://doi.org/10.1016/j.datak.2009.07.003,medical imaging,,FALSE
publish,Analysis and Classification of Crithidia Luciliae Fluorescent Images,10.1007/978-3-642-04146-4_60,Paolo Soda; Leonardo Onofri; Amelia Rigon; Giulio Iannello,2009,,,medical imaging,,FALSE
publish,An experimental comparison of MES aggregation rules in case of imbalanced datasets,10.1109/cbms.2009.5255382,Paolo Soda,2009,,https://doi.org/10.1109/cbms.2009.5255382,multimodal learning; medical imaging,,FALSE
publish,Aggregation of Classifiers for Staining Pattern Recognition in Antinuclear Autoantibodies Analysis,10.1109/titb.2008.2010855,Paolo Soda; Giulio Iannello,2009,,https://doi.org/10.1109/titb.2008.2010855,multimodal learning; medical imaging,,FALSE
publish,A low-cost video-based tool for clinical gait analysis,10.1109/iembs.2009.5333623,Paolo Soda; Andrea Carta; Domenico Formica; Eugenio Guglielmelli,2009,,https://doi.org/10.1109/iembs.2009.5333623,medical imaging,,FALSE
publish,A Hybrid Approach Handling Imbalanced Datasets,10.1007/978-3-642-04146-4_24,Paolo Soda,2009,,,clinical prediction; medical imaging,,FALSE
publish,A CAD SYSTEM FOR IIF TESTS,10.5220/0001544800430050,Paolo Soda; Giulio Iannello,2009,,https://doi.org/10.5220/0001544800430050,,,FALSE
publish,The Relevance of Computer-Aided-Diagnosis Systems in Microscopy Applications to Medicine and Biology,10.4018/978-1-59904-889-5.ch147,Paolo Soda; Giulio Iannello,2008,,https://doi.org/10.4018/978-1-59904-889-5.ch147,oncology; medical imaging,,FALSE
publish,Reliability Estimators for Classification by Decomposition Method: Experiments in the Medical Domain,10.1109/cbms.2008.142,Paolo Soda; Giulio Iannello,2008,,https://doi.org/10.1109/cbms.2008.142,multimodal learning; medical imaging,,FALSE
publish,Facing Polychotomies through Classification by Decomposition: Applications in the Bio-medical Domain,10.1007/978-3-540-92219-3_22,Paolo Soda,2008,,https://doi.org/10.1007/978-3-540-92219-3_22,medical imaging,,FALSE
publish,Ann-Based Classification Of Indirect Immuno Fluorescence Images,10.5281/zenodo.1071248,Paolo Soda; Giulio Iannello,2008,,,generative AI; medical imaging,,FALSE
publish,A multiple expert system for classifying fluorescent intensity in antinuclear autoantibodies analysis,10.1007/s10044-008-0116-z,Paolo Soda; Giulio Iannello; Mario Vento,2008,,https://doi.org/10.1007/s10044-008-0116-z,medical imaging,,FALSE
publish,A Supervised Pattern Recognition Approach for Human Movement Onset Detection,10.1109/cbms.2008.120,Paolo Soda; Stefano Mazzoleni; G. Cavallo; Eugenio Guglielmelli; Giulio Iannello,2008,,https://doi.org/10.1109/cbms.2008.120,medical imaging,,FALSE
publish,Indirect immunofluorescence in autoimmune diseases: Assessment of digital images for diagnostic purpose,10.1002/cyto.b.20356,Amelia Rigon; Paolo Soda; Danila Zennaro; Giulio Iannello; Antonella Afeltra,2007,,,medical imaging,,FALSE
publish,Early Experiences in the Staining Pattern Classification of HEp-2 Slides,10.1109/cbms.2007.42,Paolo Soda,2007,,https://doi.org/10.1109/cbms.2007.42,medical imaging,,FALSE
publish,A Hybrid Multi-Expert Systems for HEp-2 Staining Pattern Classification,10.1109/iciap.2007.9,Paolo Soda; Giulio Iannello,2007,,http://dblp.uni-trier.de/db/conf/iciap/iciap2007.html#SodaI07,multimodal learning; medical imaging,,FALSE
publish,Video-Rhino-Hygrometer (RH),10.1109/iembs.2006.259337,Manuele Casale; Valerio Cusimano; Fabrizio Salvinelli; Roberto Setola; Paolo Soda,2006,,https://doi.org/10.1109/iembs.2006.259337,medical imaging,,FALSE
publish,Using a Multiple Experts System to Classify Fluorescence Intensity in Antinuclear Autoantibodies Analysis,None,Paolo Soda; Giulio Iannello; Mario Vento,2006,,https://www.iris.unisa.it/handle/11386/1550948,,,FALSE
publish,Photo-bleaching compensation for autofocus algorithms in fluorescence microscope applications,10.1117/12.650096,Paolo Soda; Giulio Iannello,2006,,https://doi.org/10.1117/12.650096,medical imaging,,FALSE
publish,Automatic Acquisition of Immunofluorescence Images: Algorithms and Evaluation,10.1109/cbms.2006.53,Paolo Soda; A. Rigon; Antonella Afeltra; G. lannello,2006,,https://doi.org/10.1109/cbms.2006.53,medical imaging,,FALSE
publish,A Multi-Expert System to Classify Fluorescent Intensity in Antinuclear Autoantibodies Testing,10.1109/cbms.2006.21,Paolo Soda; Giulio Iannello,2006,,https://doi.org/10.1109/cbms.2006.21,medical imaging,,FALSE
publish,Serum Insulin and Glucose Tolerance in Obese Patients with or Without Associated Arterial Hypertension,10.1007/978-3-642-69977-1_86,Pasquale Strazzullo; Franco Contaldo; Francesco P. Cappuccio; A. Fischetti; Paolo Soda; Alfonso Leo; C Iovine; Mario Mancini,1985,,https://doi.org/10.1007/978-3-642-69977-1_86,,,FALSE
